,subject,story,timeTest,serialPos,origText,recalled,posRec,recText,Unnamed: 8
0,19,1,1,1,One fine day an old Maine man was fishing ,1,1;3,"One fine long day, there was a fisherman who went fishing;in Maine",
1,19,1,1,2,on his favorite lake ,1,2,at his favorite lake ,
2,19,1,1,3,and catching very little,1,4,"After a long time, he had not had any luck yet",
3,19,1,1,4,"Finally, he gave up",0,,,
4,19,1,1,5,and walked back along the shore to his fishing shack,1,5,He then went to the nearby fishing shack ,
5,19,1,1,6,"When he got close to the front door, he saw it was open.",0,,,
6,19,1,1,7,"Being of a suspicious nature, he walked to the door quietly and looked inside",1,6,"Being of a suspicious type, he went cautiously into the fishing stack ",
7,19,1,1,8,There was a big black bear,1,7,to find a big black bear ,
8,19,1,1,9,It was just pulling the cork out of his molasses jug with its teeth,0,,,
9,19,1,1,10,The molasses spilled all over the floor,0,,,
10,19,1,1,11,"and the bear rubbed his paw in it, smearing it all over",0,,,
11,19,1,1,12,"When the old man saw the bear, he screamed out loud causing the bear the startle and run to the lake shore",0,,,
12,19,1,1,13,Standing on its hind legs,0,,,
13,19,1,1,14,it held up the paw full of molasses,0,,,
14,19,1,1,15,Soon all the flies and bugs and mosquitoes were swarming,1,8,where bugs and mosquitoes swarmed around his paw,
15,19,1,1,16,all over the sticky sweet paw,0,,,
16,19,1,1,17,Then the bear waded into the water,1,9,The bear then went down to the lake ,
17,19,1,1,18,with his sticky paw full of bugs,0,,,
18,19,1,1,19,It held the paw out over the water,0,,,
19,19,1,1,20,"Suddenly, a big trout came jumping out of the water trying to get to the flies",1,10,The molasses on his paw attracted fish from all around the lake. They jumped up out of the water as they neared him,
20,19,1,1,21,The bear gave it a swat and it flew to the shore and flopped there,0,,,
21,19,1,1,22,"Then another fish jumped into the air after the flies, followed swiftly by another",0,,,
22,19,1,1,23,"Every time a fish jumped after his paw, the bear cuffed it ashore",0,,,
23,19,1,1,24,Soon it had a large pile,0,,,
24,19,1,1,25,The old man had caught nothing,0,,,
25,19,1,1,26,He watched that bear eat half a dozen trout,0,,,
26,19,1,1,27,his stomach rumbling,0,,,
27,19,1,1,28,All he had for dinner was some bread and what was left of the molasses,0,,,
28,19,1,1,29,Finally the bear paused in his eating,0,,,
29,19,1,1,30,and looked over to the bushes where the old man was hidden,0,,,
30,19,1,1,31,The bear stood up and laid the remaining fish in a row,0,,,
31,19,1,1,32,Then it walked away up the shore,0,,,
32,19,1,1,33,The old man crept out of the bushes and down to the shore,0,,,
33,19,1,1,34,"Sure enough, the bear had left six large trout for him",0,,,
34,19,1,1,35,He looked over at the bear,0,,,
35,19,1,1,36,It was standing at the edge of the wood watching,0,,,
36,19,1,1,37,"""Thanks a lot,"" the old man called to the bear",0,,,
37,19,1,1,38,The bear waved the now-clean paw at the old man,0,,,
38,19,1,1,39,and disappeared into the thicket,0,,,
39,19,1,1,40,"""Well,"" said the old man, ""That's the first time a bear has ever paid me for my molasses.""",0,,,
40,19,1,1,41,The old man never hunted bears again,0,,,
41,19,1,2,1,One fine day an old Maine man was fishing ,1,1,"One fine day, an old Maine man went to the lake to go fishing ",
42,19,1,2,2,on his favorite lake ,0,,,
43,19,1,2,3,and catching very little,1,2,catching all day with no results. ,
44,19,1,2,4,"Finally, he gave up",1,3,He finally gave up,
45,19,1,2,5,and walked back along the shore to his fishing shack,1,4,walked up the shore towards his fishing shack ,
46,19,1,2,6,"When he got close to the front door, he saw it was open.",1,5,to find the door propped open,
47,19,1,2,7,"Being of a suspicious nature, he walked to the door quietly and looked inside",1,6,"Being of the suspicious nature, he walked in cautiously",
48,19,1,2,8,There was a big black bear,1,7,There was a big black bear,
49,19,1,2,9,It was just pulling the cork out of his molasses jug with its teeth,1,8,tugging at the cork of his molasses jar with his teeth,
50,19,1,2,10,The molasses spilled all over the floor,0,,,
51,19,1,2,11,"and the bear rubbed his paw in it, smearing it all over",0,,,
52,19,1,2,12,"When the old man saw the bear, he screamed out loud causing the bear the startle and run to the lake shore",1,9,"The old man startled, screaming and running away, which also startled the bear who went running towards the shore ",
53,19,1,2,13,Standing on its hind legs,0,,,
54,19,1,2,14,it held up the paw full of molasses,0,,,
55,19,1,2,15,Soon all the flies and bugs and mosquitoes were swarming,1,10,"At this point, swarms of bugs and mosquitoes and flies were following ",
56,19,1,2,16,all over the sticky sweet paw,1,11,"the bear’s sticky, sweet paw",
57,19,1,2,17,Then the bear waded into the water,0,,,
58,19,1,2,18,with his sticky paw full of bugs,1,13,sticky and filled with flies now,
59,19,1,2,19,It held the paw out over the water,1,12;14,The bear then held his paw;just above the water,
60,19,1,2,20,"Suddenly, a big trout came jumping out of the water trying to get to the flies",0,,,
61,19,1,2,21,The bear gave it a swat and it flew to the shore and flopped there,0,,,
62,19,1,2,22,"Then another fish jumped into the air after the flies, followed swiftly by another",1,15,Fish started jumping out of the water to try to get to the flies,
63,19,1,2,23,"Every time a fish jumped after his paw, the bear cuffed it ashore",1,16,"Every time a fish jumped out of the water, the bear swatted it towards the shore",
64,19,1,2,24,Soon it had a large pile,1,17,"Soon, the bear had a large pile of fish on the shore",
65,19,1,2,25,The old man had caught nothing,0,,,
66,19,1,2,26,He watched that bear eat half a dozen trout,1,18,"The bear sat, eating half a dozen trout while the old man watched from his hiding place ",
67,19,1,2,27,his stomach rumbling,1,19,with a grumbling stomach,
68,19,1,2,28,All he had for dinner was some bread and what was left of the molasses,1,20,All the old man had for dinner was some bread and what was left of the molasses in the jar,
69,19,1,2,29,Finally the bear paused in his eating,1,21,"Finally, the bear stopped eating ",
70,19,1,2,30,and looked over to the bushes where the old man was hidden,1,22,looked towards where the old man was hiding,
71,19,1,2,31,The bear stood up and laid the remaining fish in a row,0,,,
72,19,1,2,32,Then it walked away up the shore,0,,,
73,19,1,2,33,The old man crept out of the bushes and down to the shore,0,,,
74,19,1,2,34,"Sure enough, the bear had left six large trout for him",0,,,
75,19,1,2,35,He looked over at the bear,0,,,
76,19,1,2,36,It was standing at the edge of the wood watching,0,,,
77,19,1,2,37,"""Thanks a lot,"" the old man called to the bear",0,,,
78,19,1,2,38,The bear waved the now-clean paw at the old man,0,,,
79,19,1,2,39,and disappeared into the thicket,0,,,
80,19,1,2,40,"""Well,"" said the old man, ""That's the first time a bear has ever paid me for my molasses.""",0,,,
81,19,1,2,41,The old man never hunted bears again,0,,,
82,19,1,3,1,One fine day an old Maine man was fishing ,0,,,
83,19,1,3,2,on his favorite lake ,0,,,
84,19,1,3,3,and catching very little,1,1,"That day, he did not get many fish",
85,19,1,3,4,"Finally, he gave up",0,,,
86,19,1,3,5,and walked back along the shore to his fishing shack,1,2,He went over to the shack ,
87,19,1,3,6,"When he got close to the front door, he saw it was open.",0,,,
88,19,1,3,7,"Being of a suspicious nature, he walked to the door quietly and looked inside",0,,,
89,19,1,3,8,There was a big black bear,1,3,"see a large, black bear ",
90,19,1,3,9,It was just pulling the cork out of his molasses jug with its teeth,0,,,
91,19,1,3,10,The molasses spilled all over the floor,0,,,
92,19,1,3,11,"and the bear rubbed his paw in it, smearing it all over",1,4,with his paw dipped in molasses,
93,19,1,3,12,"When the old man saw the bear, he screamed out loud causing the bear the startle and run to the lake shore",1,5,"The fisherman went running and screaming out of the shack as the bear also went running out, startled himself",
94,19,1,3,13,Standing on its hind legs,0,,,
95,19,1,3,14,it held up the paw full of molasses,0,,,
96,19,1,3,15,Soon all the flies and bugs and mosquitoes were swarming,0,,,
97,19,1,3,16,all over the sticky sweet paw,0,,,
98,19,1,3,17,Then the bear waded into the water,1,6,The bear went to the lake ,
99,19,1,3,18,with his sticky paw full of bugs,0,,,
100,19,1,3,19,It held the paw out over the water,1,7,held his paw right above the water,
101,19,1,3,20,"Suddenly, a big trout came jumping out of the water trying to get to the flies",0,,,Miscounted in orig data excluded here
102,19,1,3,21,The bear gave it a swat and it flew to the shore and flopped there,0,,,Miscounted in orig data excluded here
103,19,1,3,22,"Then another fish jumped into the air after the flies, followed swiftly by another",1,8,Trout started jumping out of the lake towards the bears paw,
104,19,1,3,23,"Every time a fish jumped after his paw, the bear cuffed it ashore",1,9,the bear skillfully slapped the fish out of the air and onto the shore of the lake,
105,19,1,3,24,Soon it had a large pile,0,,,
106,19,1,3,25,The old man had caught nothing,0,,,
107,19,1,3,26,He watched that bear eat half a dozen trout,1,10,The bear then started to eat the trout. When there was about half a dozen left,
108,19,1,3,27,his stomach rumbling,0,,,
109,19,1,3,28,All he had for dinner was some bread and what was left of the molasses,0,,,
110,19,1,3,29,Finally the bear paused in his eating,0,,,
111,19,1,3,30,and looked over to the bushes where the old man was hidden,0,,,
112,19,1,3,31,The bear stood up and laid the remaining fish in a row,0,,,
113,19,1,3,32,Then it walked away up the shore,0,,,
114,19,1,3,33,The old man crept out of the bushes and down to the shore,0,,,
115,19,1,3,34,"Sure enough, the bear had left six large trout for him",0,,,
116,19,1,3,35,He looked over at the bear,0,,,
117,19,1,3,36,It was standing at the edge of the wood watching,0,,,
118,19,1,3,37,"""Thanks a lot,"" the old man called to the bear",0,,,
119,19,1,3,38,The bear waved the now-clean paw at the old man,0,,,
120,19,1,3,39,and disappeared into the thicket,0,,,
121,19,1,3,40,"""Well,"" said the old man, ""That's the first time a bear has ever paid me for my molasses.""",0,,,
122,19,1,3,41,The old man never hunted bears again,0,,,
123,19,2,1,1,I was shopping at my local supermarket,0,,,
124,19,2,1,2,as I normally have for years.,1,1,like I always did,
125,19,2,1,3,"One particular day, I had done about 2 weeks’ worth of shopping",1,2,I had gotten about two weeks’ worth of groceries ,changed 2 to two
126,19,2,1,4,and was headed toward the register to pay for my groceries.,1,3,"I was in line at the checkout. As I got to the front of the line,",
127,19,2,1,5,I reached into my back right pocket,0,,,
128,19,2,1,6,to grab the money to pay,0,,,
129,19,2,1,7,and noticed that there was no money in there.,1,4,I noticed that it was empty,
130,19,2,1,8,I started to get nervous.,1,5,I got very nervous,
131,19,2,1,9,I knew my pocket book was in the car ,1,6,thinking about the pocket book that was in the car,
132,19,2,1,10,and I was sure I had put the money in my back right pocket.,0,,,
133,19,2,1,11,"I look at cashier with a confused look,",1,9,I smiled at the cashier nervously,
134,19,2,1,12,not knowing what to do.,0,,,
135,19,2,1,13,There were people behind me on the line ,0,,,
136,19,2,1,14,and I immediately thought about the money I left in the car,1,7,The money in the car ,
137,19,2,1,15,that was intended to pay rent this month.,1,8,was meant to pay this month’s rent,
138,19,2,1,16,She told me to speak with the courtesy counter.,1,10,she suggested I go to the courtesy counter. ,
139,19,2,1,17,"I laughed and said,",0,,,
140,19,2,1,18,"""But it was cash, no one would hand that in!""  ",1,11,"“It was cash, though. Who would have turned that in?” ",
141,19,2,1,19,I decided that there was no harm in checking ,1,12,I figured I would give it a try ,
142,19,2,1,20,so I walked up to a woman behind the counter ,1,13,so I walked up to the courtesy counter with no hope,
143,19,2,1,21,"and said ""I have to ask, did anyone turn in cash by any chance?""",1,14,“Has anyone turned in cash to this counter?” ,
144,19,2,1,22,"She asked ""How much?""  ",1,15,"The woman responded, “How much?” ",
145,19,2,1,23,My face then lit up.,1,16,My eyes widened as I gained hope that it might have been returned,
146,19,2,1,24,"""$200 ",1,17,200,
147,19,2,1,25,"in the form of twenty dollar bills."" I replied.",1,18,in twenties,
148,19,2,1,26,"She said, ""Actually, yes, someone did!""  ",1,19,"The woman responded, “Actually, yes.” ",
149,19,2,1,27,I was so surprised! ,0,,,
150,19,2,1,28,"""Who? I want to thank them.""  ",1,20,“Who turned it in? I want to thank them!” ,
151,19,2,1,29,She points to a young girl ,1,21,The woman pointed at a young girl,
152,19,2,1,30,about 10 years old ,0,,,
153,19,2,1,31,"and says, ""She did."" ",0,,,
154,19,2,1,32,I walked over to the mom,1,22,I went up to the mother ,
155,19,2,1,33,and hugged her.,1,23,hugged her,
156,19,2,1,34,"She said, ""It wasn't me, it was my daughter"". ",1,24,“It was my daughter.” ,
157,19,2,1,35,"I was so happy, ",0,,,
158,19,2,1,36,I was almost in tears. ,0,,,
159,19,2,1,37,I decided in those moments to do my duty ,1,25,"From that point on, I promised that if I had the chance ",
160,19,2,1,38,to pay forward this act of kindness ,1,26,I would pass the kindness on,
161,19,2,1,39,every opportunity I had.,0,,,
162,19,2,2,1,I was shopping at my local supermarket,1,1,I was shopping at my local supermarket ,
163,19,2,2,2,as I normally have for years.,1,2,like I always had,
164,19,2,2,3,"One particular day, I had done about 2 weeks’ worth of shopping",1,3,"One particular day, I had gotten about two weeks’ worth of groceries",changed 2 to two
165,19,2,2,4,and was headed toward the register to pay for my groceries.,1,4,I got up to the front of the line ,
166,19,2,2,5,I reached into my back right pocket,0,,,
167,19,2,2,6,to grab the money to pay,0,,,
168,19,2,2,7,and noticed that there was no money in there.,1,5,found it to be empty,
169,19,2,2,8,I started to get nervous.,0,,,
170,19,2,2,9,I knew my pocket book was in the car ,1,6,I thought about the pocket book out in my car,
171,19,2,2,10,and I was sure I had put the money in my back right pocket.,1,7,I was sure I put the money in my back pocket,
172,19,2,2,11,"I look at cashier with a confused look,",0,,,
173,19,2,2,12,not knowing what to do.,0,,,
174,19,2,2,13,There were people behind me on the line ,1,8,I saw the line of people behind me ,
175,19,2,2,14,and I immediately thought about the money I left in the car,1,9,I thought about the money in my car ,
176,19,2,2,15,that was intended to pay rent this month.,1,10,that was meant to pay this month’s rent,
177,19,2,2,16,She told me to speak with the courtesy counter.,1,11,She suggested I check with the courtesy counter,
178,19,2,2,17,"I laughed and said,",1,12,I laughed and said,
179,19,2,2,18,"""But it was cash, no one would hand that in!""  ",1,13,"“But it was cash, who would’ve turned that in?” ",
180,19,2,2,19,I decided that there was no harm in checking ,1,14, I thought it couldn’t hurt to check ,
181,19,2,2,20,so I walked up to a woman behind the counter ,1,15,so I went up to the courtesy counter ,
182,19,2,2,21,"and said ""I have to ask, did anyone turn in cash by any chance?""",1,16,"asked, “did anyone happen to turn in any cash?” ",
183,19,2,2,22,"She asked ""How much?""  ",1,17,"The woman asked, “How much?” ",
184,19,2,2,23,My face then lit up.,1,18,I grinned,
185,19,2,2,24,"""$200 ",1,19,200,
186,19,2,2,25,"in the form of twenty dollar bills."" I replied.",1,20,in twenty dollar bills,
187,19,2,2,26,"She said, ""Actually, yes, someone did!""  ",1,21,"She said, “Actually yes, someone did!” ",
188,19,2,2,27,I was so surprised! ,0,,,
189,19,2,2,28,"""Who? I want to thank them.""  ",1,22,who did this? I want to thank them,
190,19,2,2,29,She points to a young girl ,1,23,"The woman pointed at a young girl, ",
191,19,2,2,30,about 10 years old ,1,24,about ten years old,changed 10 to ten
192,19,2,2,31,"and says, ""She did."" ",0,,,
193,19,2,2,32,I walked over to the mom,1,25,I went up to her mother ,
194,19,2,2,33,and hugged her.,1,26,hugged her,
195,19,2,2,34,"She said, ""It wasn't me, it was my daughter"". ",1,27,"The mother said, “It wasn’t me, it was my daughter",
196,19,2,2,35,"I was so happy, ",0,,,
197,19,2,2,36,I was almost in tears. ,0,,,
198,19,2,2,37,I decided in those moments to do my duty ,1,28,I vowed from that moment on ,
199,19,2,2,38,to pay forward this act of kindness ,1,29,that I would pass on this act of kindness ,
200,19,2,2,39,every opportunity I had.,1,30,whenever I had the chance,
201,19,2,3,1,I was shopping at my local supermarket,0,,,
202,19,2,3,2,as I normally have for years.,0,,,
203,19,2,3,3,"One particular day, I had done about 2 weeks’ worth of shopping",1,1,with my two weeks’ worth of groceries,
204,19,2,3,4,and was headed toward the register to pay for my groceries.,0,,,Miscounted in orig data excluded here
205,19,2,3,5,I reached into my back right pocket,0,,,
206,19,2,3,6,to grab the money to pay,1,2,felt for the money designated for groceries,
207,19,2,3,7,and noticed that there was no money in there.,1,3,There was nothing there,
208,19,2,3,8,I started to get nervous.,0,,,
209,19,2,3,9,I knew my pocket book was in the car ,0,,,
210,19,2,3,10,and I was sure I had put the money in my back right pocket.,0,,,
211,19,2,3,11,"I look at cashier with a confused look,",1,7,"I then looked anxiously up at the cashier, ",
212,19,2,3,12,not knowing what to do.,0,,,
213,19,2,3,13,There were people behind me on the line ,1,4,I looked back at the long line of people behind me who were waiting to check out,
214,19,2,3,14,and I immediately thought about the money I left in the car,1,5,"I thought about the money that was in my bag outside, ",
215,19,2,3,15,that was intended to pay rent this month.,1,6,designated for the rent that I was supposed to pay,
216,19,2,3,16,She told me to speak with the courtesy counter.,1,8,The cashier pointed me to customer service,
217,19,2,3,17,"I laughed and said,",0,,,
218,19,2,3,18,"""But it was cash, no one would hand that in!""  ",0,,,
219,19,2,3,19,I decided that there was no harm in checking ,0,,,
220,19,2,3,20,so I walked up to a woman behind the counter ,0,,,
221,19,2,3,21,"and said ""I have to ask, did anyone turn in cash by any chance?""",1,9;12,"Hello, I know this is a long shot, but is there any chance that;was returned",
222,19,2,3,22,"She asked ""How much?""  ",0,,,
223,19,2,3,23,My face then lit up.,0,,,
224,19,2,3,24,"""$200 ",1,10,200,
225,19,2,3,25,"in the form of twenty dollar bills."" I replied.",1,11,in twenty-dollar bills ,
226,19,2,3,26,"She said, ""Actually, yes, someone did!""  ",1,13,"smiled, saying, “Actually, yes.”",
227,19,2,3,27,I was so surprised! ,0,,,
228,19,2,3,28,"""Who? I want to thank them.""  ",0,,,
229,19,2,3,29,She points to a young girl ,0,,,
230,19,2,3,30,about 10 years old ,0,,,
231,19,2,3,31,"and says, ""She did."" ",0,,,
232,19,2,3,32,I walked over to the mom,0,,,
233,19,2,3,33,and hugged her.,0,,,
234,19,2,3,34,"She said, ""It wasn't me, it was my daughter"". ",0,,,
235,19,2,3,35,"I was so happy, ",0,,,
236,19,2,3,36,I was almost in tears. ,0,,,
237,19,2,3,37,I decided in those moments to do my duty ,0,,,
238,19,2,3,38,to pay forward this act of kindness ,0,,,
239,19,2,3,39,every opportunity I had.,0,,,
240,19,3,1,1,Larry Walters had a dream that he could fly.  ,1,1,Larry Walters had a dream that he could fly,
241,19,3,1,2,"The problem was that Larry's vision was poor, ",1,2,"Unfortunately, Larry had very poor vision, ",
242,19,3,1,3,and he was thus ill-suited to become a pilot. ,1,3,which made him ill-suited to pursue this dream,Not counted in orig data counted here
243,19,3,1,4,"Most people, faced with similar limitations, might let go of such a dream.",1,4,Most people in Larry’s position would just give up,
244,19,3,1,5,Larry Walters was not most people. ,1,5,but Larry wasn’t most people,
245,19,3,1,6,On a sunny summer day ,0,,,
246,19,3,1,7,"in 1982, ",0,,,
247,19,3,1,8,in his modest backyard ,1,7,In his own backyard,
248,19,3,1,9,"in San Pedro, ",0,,,
249,19,3,1,10,Larry boarded a makeshift aircraft ,1,6,Larry pursued his dream of flight in his own makeshift vehicle,
250,19,3,1,11,"comprising a lawn chair, ",1,8,he used a lawn chair,
251,19,3,1,12,"a seat belt, ",1,9,a seatbelt,
252,19,3,1,13,and forty-odd weather balloons. ,1,10,forty-some odd weather balloons ,changed 40 to forty
253,19,3,1,14,"Armed with a pellet gun, ",0,,,
254,19,3,1,15,"a CB radio, ",0,,,
255,19,3,1,16,"and a cooler full of sandwiches, ",0,,,
256,19,3,1,17,he released the line that tethered his craft ,1,12,The plan was that he would release the tether ,
257,19,3,1,18,"to his Jeep, ",1,13,from his Jeep ,
258,19,3,1,19,"rose to a height of thirty feet or so, ",0,,,
259,19,3,1,20,and had himself a little picnic. ,1,11,have himself a picnic in the air. ,
260,19,3,1,21,"He planned to just shoot out a couple balloons and float gently back to earth, ",1,14,"When he was ready to come down, he would shoot a couple of weather balloons and float safely back to the ground. ",
261,19,3,1,22,just as easy as could be.,0,,,
262,19,3,1,23,"But Larry, it would seem, was not so good with physics. ",1,15,"Unfortunately, Larry wasn’t that good at physics",
263,19,3,1,24,"When he released the tether, his craft rose ",0,,,
264,19,3,1,25,"15,000 feet in the air. ",1,16,"he went 15,000 feet into the air.  ",
265,19,3,1,26,"According to some reports, ",0,,,
266,19,3,1,27,"he didn't dare shoot out the balloons, ",1,20,Larry couldn’t shoot the balloons ,
267,19,3,1,28,for fear the chair would tip. ,1,21,because he was afraid the chair would tip.  ,
268,19,3,1,29,"Eventually, he drifted into the approach corridor of Long Beach airport, ",1,17,He floated right into the approach for the Long Beach airport,
269,19,3,1,30,disrupting air traffic. ,0,,,
270,19,3,1,31,Imagine for a moment what that must have looked like to the folks waiting for clearance to land: ,1,18,"Imagine if you were a passenger on this plan, and you saw ",
271,19,3,1,32,"a man in a lawn chair with a gun, ",1,19,Larry floating in his balloon lawn chair with a gun in his hand. ,
272,19,3,1,33,some three miles above the ground. ,0,,,
273,19,3,1,34,"He did finally touch down safely, ",0,,,
274,19,3,1,35,though not before getting tangled in some power lines ,0,,,
275,19,3,1,36,and knocking out power in the entire Long Beach area. ,0,,,
276,19,3,1,37,"It goes without saying that Larry, upon touchdown, was arrested. ",1,22,had him arrested,
277,19,3,1,38,Seems the FAA took umbrage with his violation of restricted airspace.,0,,,
278,19,3,1,39,"But by the time they nabbed him, the story had spread, ",0,,,
279,19,3,1,40,and a few crack reporters witnessed his arrest. ,0,,,
280,19,3,1,41,One of those reporters asked why he'd done it. ,1,23,"When they asked him why he did it, ",
281,19,3,1,42,Larry's response? ,0,,,
282,19,3,1,43,"""A man can't just sit around.""",1,24,“A man can’t just sit around!” ,
283,19,3,2,1,Larry Walters had a dream that he could fly.  ,1,1,Larry Walters had a dream that he could fly. ,
284,19,3,2,2,"The problem was that Larry's vision was poor, ",1,2,"Unfortunately, Larry had very poor vision",
285,19,3,2,3,and he was thus ill-suited to become a pilot. ,1,3,thus making him ill-suited to be a pilot,
286,19,3,2,4,"Most people, faced with similar limitations, might let go of such a dream.",1,4,"Other people, faced with similar limitations, would probably give up on their dream.",
287,19,3,2,5,Larry Walters was not most people. ,1,5,"Larry Walters, however, was not like other people",
288,19,3,2,6,On a sunny summer day ,1,6,On a warm summer day ,
289,19,3,2,7,"in 1982, ",0,,,
290,19,3,2,8,in his modest backyard ,0,,,
291,19,3,2,9,"in San Pedro, ",1,7,in San Pedro,
292,19,3,2,10,Larry boarded a makeshift aircraft ,1,8,he boarded his makeshift aircraft ,
293,19,3,2,11,"comprising a lawn chair, ",1,9,comprised of a lawn chair,
294,19,3,2,12,"a seat belt, ",1,10, a seatbelt,
295,19,3,2,13,and forty-odd weather balloons. ,1,11,forty-some weather balloons,changed 40 to forty
296,19,3,2,14,"Armed with a pellet gun, ",1,12,"He was also equipped with a pellet gun, ",
297,19,3,2,15,"a CB radio, ",1,13,a CB radio,
298,19,3,2,16,"and a cooler full of sandwiches, ",1,14,a cooler full of sandwiches. ,
299,19,3,2,17,he released the line that tethered his craft ,1,15,He released the tether that held his aircraft down ,
300,19,3,2,18,"to his Jeep, ",1,16,to his jeep,
301,19,3,2,19,"rose to a height of thirty feet or so, ",1,17,floating thirty feet into the air ,changed 30 to thirty
302,19,3,2,20,and had himself a little picnic. ,1,18,to enjoy a nice picnic. ,
303,19,3,2,21,"He planned to just shoot out a couple balloons and float gently back to earth, ",1,19,"When he was done, he planned to shoot a couple of the balloons with his pellet gun and float safely back to the ground. ",
304,19,3,2,22,just as easy as could be.,0,,,
305,19,3,2,23,"But Larry, it would seem, was not so good with physics. ",1,20,"Unfortunately, Larry Walters was no so good at physics.  ",
306,19,3,2,24,"When he released the tether, his craft rose ",0,,,
307,19,3,2,25,"15,000 feet in the air. ",1,21,"he went up to 15,000 feet and drifted. ",
308,19,3,2,26,"According to some reports, ",0,,,
309,19,3,2,27,"he didn't dare shoot out the balloons, ",0,,,
310,19,3,2,28,for fear the chair would tip. ,0,,,
311,19,3,2,29,"Eventually, he drifted into the approach corridor of Long Beach airport, ",1,22,He floated into the approach for Long Beach airport. ,
312,19,3,2,30,disrupting air traffic. ,0,,,
313,19,3,2,31,Imagine for a moment what that must have looked like to the folks waiting for clearance to land: ,1,23,"Imagine being one of the people on that plane, waiting to land, looking out your window and seeing ",
314,19,3,2,32,"a man in a lawn chair with a gun, ",1,24,a man with a pellet gun in a lawn chair ,
315,19,3,2,33,some three miles above the ground. ,0,,,
316,19,3,2,34,"He did finally touch down safely, ",0,,,
317,19,3,2,35,though not before getting tangled in some power lines ,0,,,
318,19,3,2,36,and knocking out power in the entire Long Beach area. ,0,,,
319,19,3,2,37,"It goes without saying that Larry, upon touchdown, was arrested. ",0,,,
320,19,3,2,38,Seems the FAA took umbrage with his violation of restricted airspace.,0,,,
321,19,3,2,39,"But by the time they nabbed him, the story had spread, ",0,,,
322,19,3,2,40,and a few crack reporters witnessed his arrest. ,0,,,
323,19,3,2,41,One of those reporters asked why he'd done it. ,0,,,
324,19,3,2,42,Larry's response? ,0,,,
325,19,3,2,43,"""A man can't just sit around.""",0,,,
326,19,3,3,1,Larry Walters had a dream that he could fly.  ,0,,,
327,19,3,3,2,"The problem was that Larry's vision was poor, ",1,1,He had very poor vision,
328,19,3,3,3,and he was thus ill-suited to become a pilot. ,1,2,and so he could never be a pilot,
329,19,3,3,4,"Most people, faced with similar limitations, might let go of such a dream.",0,,,
330,19,3,3,5,Larry Walters was not most people. ,1,3,But he never gave up on his dream,
331,19,3,3,6,On a sunny summer day ,1,8,On this very hot summer day,
332,19,3,3,7,"in 1982, ",0,,,
333,19,3,3,8,in his modest backyard ,0,,,
334,19,3,3,9,"in San Pedro, ",0,,,
335,19,3,3,10,Larry boarded a makeshift aircraft ,1,4,He built a contraption ,
336,19,3,3,11,"comprising a lawn chair, ",1,5,that included a lawn chair,
337,19,3,3,12,"a seat belt, ",0,,,
338,19,3,3,13,and forty-odd weather balloons. ,1,6,and about forty weather balloons,changed 40 to forty
339,19,3,3,14,"Armed with a pellet gun, ",0,,,
340,19,3,3,15,"a CB radio, ",0,,,
341,19,3,3,16,"and a cooler full of sandwiches, ",0,,,
342,19,3,3,17,he released the line that tethered his craft ,0,,,
343,19,3,3,18,"to his Jeep, ",1,7,to his jeep ,
344,19,3,3,19,"rose to a height of thirty feet or so, ",0,,,
345,19,3,3,20,and had himself a little picnic. ,1,11,He had his cooler for his picnic so he ate his lunch,
346,19,3,3,21,"He planned to just shoot out a couple balloons and float gently back to earth, ",1,13,which was his plan,
347,19,3,3,22,just as easy as could be.,0,,,
348,19,3,3,23,"But Larry, it would seem, was not so good with physics. ",1,9,"Unfortunately, he was not very good at physics ",
349,19,3,3,24,"When he released the tether, his craft rose ",0,,,
350,19,3,3,25,"15,000 feet in the air. ",1,10,"he went up 15,000 feet into the air ",
351,19,3,3,26,"According to some reports, ",0,,,
352,19,3,3,27,"he didn't dare shoot out the balloons, ",1,12,"but then was afraid that if he took his gun to shoot one of the balloons down, ",
353,19,3,3,28,for fear the chair would tip. ,1,14,he would tip and fall to his death,
354,19,3,3,29,"Eventually, he drifted into the approach corridor of Long Beach airport, ",0,,,
355,19,3,3,30,disrupting air traffic. ,0,,,
356,19,3,3,31,Imagine for a moment what that must have looked like to the folks waiting for clearance to land: ,1,15,Now just imagine if you were a passenger in that plane and you saw ,
357,19,3,3,32,"a man in a lawn chair with a gun, ",1,16,a man in a lawn chair with a gun in his hand ,
358,19,3,3,33,some three miles above the ground. ,0,,,
359,19,3,3,34,"He did finally touch down safely, ",0,,,
360,19,3,3,35,though not before getting tangled in some power lines ,0,,,
361,19,3,3,36,and knocking out power in the entire Long Beach area. ,0,,,
362,19,3,3,37,"It goes without saying that Larry, upon touchdown, was arrested. ",0,,,
363,19,3,3,38,Seems the FAA took umbrage with his violation of restricted airspace.,0,,,
364,19,3,3,39,"But by the time they nabbed him, the story had spread, ",0,,,
365,19,3,3,40,and a few crack reporters witnessed his arrest. ,0,,,
366,19,3,3,41,One of those reporters asked why he'd done it. ,0,,,
367,19,3,3,42,Larry's response? ,0,,,
368,19,3,3,43,"""A man can't just sit around.""",0,,,
369,19,4,1,1,"At breakfast, ",1,1,At breakfast,
370,19,4,1,2,my cat Susie,1,2,my cat Susie ,
371,19,4,1,3,sits on the deck of the pool,1,3,is sitting out on the deck by the pool. ,
372,19,4,1,4,outside the glass doors to the kitchen.  ,0,,,
373,19,4,1,5,"Bang, bang.  ",1,5,"Bang, bang. ",
374,19,4,1,6,She hits the door with her paw.,1,4,I hear her paw at the door. ,
375,19,4,1,7,"This means “Ryan, feed me” in Susie’s special language.  ",0,,,
376,19,4,1,8,I get up from my chair and feed her. ,0,,,
377,19,4,1,9,"I know this, because I know everything about her",1,6,I know this because I know everything about Susie. ,
378,19,4,1,10,or at least I think I do. ,1,7,"Or at least, I think I do. ",
379,19,4,1,11,"For the life of me, I do not know where Susie goes at noon.",1,8,"For the life of me, I  have no idea where she goes at noon every day. ",changed my to me
380,19,4,1,12,"At eleven-thirty Saturday morning, ",1,9,"On Saturday morning, at eleven-thirty",changed 11:30 to eleven-thirty
381,19,4,1,13,I notice Susie is not at home. ,0,,,
382,19,4,1,14,Where did she go? ,0,,,
383,19,4,1,15,Then I spot her trotting down the street towards town. ,1,10,I look out the door and see Susie trotting down the street. ,
384,19,4,1,16,I quickly follow. ,0,,,
385,19,4,1,17,Susie has turned the corner and is walking down the block towards the traffic light. ,0,,,
386,19,4,1,18,"She passes the corner store and walks behind the small strip mall, ",0,,,
387,19,4,1,19,I start thinking that I know where she is going.,0,,,
388,19,4,1,20,"Mr. Johnston’s Fresh Fish Market is in a small, white building at the back of the strip mall.  ",0,,,
389,19,4,1,21,I see that Susie has joined several of her cat colleagues.  ,0,,,
390,19,4,1,22,"Mr. Johnston comes out of the back door, carrying several black trash bags.  ",0,,,
391,19,4,1,23,"He piles them into the dumpster, and then pulls out a small, clear plastic bag full of fish heads.  ",0,,,
392,19,4,1,24,He scatters these on the ground and watches the cats pounce on them.  ,1,11,see him throwing fish heads onto the ground for the group of cats to start eating. ,
393,19,4,1,25,He spies me lurking by the corner of the strip mall.,0,,,
394,19,4,1,26,"“Hi Ryan,” he calls in his thick Brooklyn accent. ",0,,,
395,19,4,1,27,"“So this is where Susie comes at noon,” I say, walking towards him. ",1,12,“So this is where Susie goes every day at noon?”  ,
396,19,4,1,28,Mr. Johnston laughs.,0,,,
397,19,4,1,29,“Yep.  All the cats come to visit me at noon.  ,0,,,
398,19,4,1,30,"They used to tear up my garbage, ",0,,,
399,19,4,1,31,so now I just put the fish heads on the ground for them. ,0,,,
400,19,4,1,32,Is that your cat?” ,1,13,"He asks, “One of these is yours? Which one is Susie?” ",
401,19,4,1,33,Susie ignores me.  ,0,,,
402,19,4,1,34,The fish head is more interesting at the moment. ,0,,,
403,19,4,1,35,"“Yes, that’s my Susie,” I say. ",0,,,
404,19,4,1,36,"“She’s here every day,” says Mr. Johnston ",0,,,
405,19,4,1,37,before walking back inside the store. ,0,,,
406,19,4,1,38,"I wait until Susie finishes her fish head, ",0,,,
407,19,4,1,39,and we walk home together.,0,,,
408,19,4,2,1,"At breakfast, ",1,1,At breakfast,
409,19,4,2,2,my cat Susie,1,2,my cat Susie ,
410,19,4,2,3,sits on the deck of the pool,1,3,sits on the deck by the edge of the pool ,
411,19,4,2,4,outside the glass doors to the kitchen.  ,1,4,just outside the glass doors.  ,
412,19,4,2,5,"Bang, bang.  ",1,6,"Bang, bang",
413,19,4,2,6,She hits the door with her paw.,1,5,She paws at the glass doors,
414,19,4,2,7,"This means “Ryan, feed me” in Susie’s special language.  ",1,7,"This means, “Ryan, feed me” in her special language",
415,19,4,2,8,I get up from my chair and feed her. ,1,8,I get up out of my chair to get food for her,
416,19,4,2,9,"I know this, because I know everything about her",1,9,I know this because I know everything about her,
417,19,4,2,10,or at least I think I do. ,0,,,
418,19,4,2,11,"For the life of me, I do not know where Susie goes at noon.",1,10,"For the life of me, I don’t know where she goes at noon every day. ",
419,19,4,2,12,"At eleven-thirty Saturday morning, ",1,11,"It is eleven-thirty on Saturday morning, ",11:30 to eleven-thirty
420,19,4,2,13,I notice Susie is not at home. ,0,,,
421,19,4,2,14,Where did she go? ,1,13,Where is she going? ,
422,19,4,2,15,Then I spot her trotting down the street towards town. ,1,12,I see Susie trotting down the street,
423,19,4,2,16,I quickly follow. ,0,,,
424,19,4,2,17,Susie has turned the corner and is walking down the block towards the traffic light. ,1,14,She turns the corner and heads toward town. She keeps going to the end of the street towards the traffic light. ,
425,19,4,2,18,"She passes the corner store and walks behind the small strip mall, ",0,,,
426,19,4,2,19,I start thinking that I know where she is going.,1,15,I start to think I know where she is going,
427,19,4,2,20,"Mr. Johnston’s Fresh Fish Market is in a small, white building at the back of the strip mall.  ",1,16,Mr. Johnston’s Fish Market is part of a strip mall in the middle of town. ,
428,19,4,2,21,I see that Susie has joined several of her cat colleagues.  ,0,,,
429,19,4,2,22,"Mr. Johnston comes out of the back door, carrying several black trash bags.  ",1,17,I see Mr. Johnston come out with black garbage bags ,
430,19,4,2,23,"He piles them into the dumpster, and then pulls out a small, clear plastic bag full of fish heads.  ",1,18,"which he throws into the dumpster. I then see a clear plastic bag filled with fish heads, ",
431,19,4,2,24,He scatters these on the ground and watches the cats pounce on them.  ,1,19,which he dumps onto the ground. The cats pounce towards the fish heads. ,
432,19,4,2,25,He spies me lurking by the corner of the strip mall.,1,20,Mr. Johnston notices me lurking around the corner of the strip mall. ,
433,19,4,2,26,"“Hi Ryan,” he calls in his thick Brooklyn accent. ",0,,,
434,19,4,2,27,"“So this is where Susie comes at noon,” I say, walking towards him. ",1,21,"I say, “so this is where Susie goes” ",
435,19,4,2,28,Mr. Johnston laughs.,0,,,
436,19,4,2,29,“Yep.  All the cats come to visit me at noon.  ,0,,,
437,19,4,2,30,"They used to tear up my garbage, ",0,,,
438,19,4,2,31,so now I just put the fish heads on the ground for them. ,0,,,
439,19,4,2,32,Is that your cat?” ,0,,,
440,19,4,2,33,Susie ignores me.  ,0,,,
441,19,4,2,34,The fish head is more interesting at the moment. ,0,,,
442,19,4,2,35,"“Yes, that’s my Susie,” I say. ",0,,,
443,19,4,2,36,"“She’s here every day,” says Mr. Johnston ",0,,,
444,19,4,2,37,before walking back inside the store. ,0,,,
445,19,4,2,38,"I wait until Susie finishes her fish head, ",0,,,
446,19,4,2,39,and we walk home together.,0,,,
447,19,4,3,1,"At breakfast, ",0,,,
448,19,4,3,2,my cat Susie,0,,,
449,19,4,3,3,sits on the deck of the pool,0,,,
450,19,4,3,4,outside the glass doors to the kitchen.  ,0,,,
451,19,4,3,5,"Bang, bang.  ",0,,,
452,19,4,3,6,She hits the door with her paw.,0,,,
453,19,4,3,7,"This means “Ryan, feed me” in Susie’s special language.  ",0,,,
454,19,4,3,8,I get up from my chair and feed her. ,0,,,
455,19,4,3,9,"I know this, because I know everything about her",0,,,
456,19,4,3,10,or at least I think I do. ,0,,,
457,19,4,3,11,"For the life of me, I do not know where Susie goes at noon.",0,,,
458,19,4,3,12,"At eleven-thirty Saturday morning, ",1,1,"One Saturday, he saw Susie start to take off around eleven-thirty",changed 11:30 to eleven-thirty
459,19,4,3,13,I notice Susie is not at home. ,0,,,
460,19,4,3,14,Where did she go? ,0,,,
461,19,4,3,15,Then I spot her trotting down the street towards town. ,1,2,She walked down the street. She was going to downtown,
462,19,4,3,16,I quickly follow. ,0,,,
463,19,4,3,17,Susie has turned the corner and is walking down the block towards the traffic light. ,0,,,
464,19,4,3,18,"She passes the corner store and walks behind the small strip mall, ",0,,,
465,19,4,3,19,I start thinking that I know where she is going.,1,3,He though she knew where she might be going.,
466,19,4,3,20,"Mr. Johnston’s Fresh Fish Market is in a small, white building at the back of the strip mall.  ",0,,,
467,19,4,3,21,I see that Susie has joined several of her cat colleagues.  ,0,,,
468,19,4,3,22,"Mr. Johnston comes out of the back door, carrying several black trash bags.  ",0,,,
469,19,4,3,23,"He piles them into the dumpster, and then pulls out a small, clear plastic bag full of fish heads.  ",1,4,"with a clear plastic bag, filled with fish heads",
470,19,4,3,24,He scatters these on the ground and watches the cats pounce on them.  ,1,5,He started throwing them to the cats gathered around his back door. ,
471,19,4,3,25,He spies me lurking by the corner of the strip mall.,1,6,The owner then noticed the boy lurking around the corner.,
472,19,4,3,26,"“Hi Ryan,” he calls in his thick Brooklyn accent. ",0,,,
473,19,4,3,27,"“So this is where Susie comes at noon,” I say, walking towards him. ",0,,,
474,19,4,3,28,Mr. Johnston laughs.,0,,,
475,19,4,3,29,“Yep.  All the cats come to visit me at noon.  ,0,,,
476,19,4,3,30,"They used to tear up my garbage, ",0,,,
477,19,4,3,31,so now I just put the fish heads on the ground for them. ,0,,,
478,19,4,3,32,Is that your cat?” ,0,,,
479,19,4,3,33,Susie ignores me.  ,0,,,
480,19,4,3,34,The fish head is more interesting at the moment. ,0,,,
481,19,4,3,35,"“Yes, that’s my Susie,” I say. ",0,,,
482,19,4,3,36,"“She’s here every day,” says Mr. Johnston ",0,,,
483,19,4,3,37,before walking back inside the store. ,0,,,
484,19,4,3,38,"I wait until Susie finishes her fish head, ",0,,,
485,19,4,3,39,and we walk home together.,0,,,
486,19,5,1,1,"You can say all you want about the thick fogs in England, ",1,1,You can say all you want about the thick fogs in England,
487,19,5,1,2,"but I'm telling you now, ",1,2,,
488,19,5,1,3,"sure as I'm standing here, ",0,,,
489,19,5,1,4,that England's fogs don't hold a candle to the thick fogs that roll in ,1,3,They don’t have anything on the fog that comes in ,
490,19,5,1,5,over the Bay of Fundy ,1,4,over Fundy,
491,19,5,1,6,here in Maine.,1,5,Maine,
492,19,5,1,7,The fog here gets so thick you can drive a nail into it ,1,6,I’m telling you that it gets so thick up here that you could drive a nail through the fog that comes over Maine.,
493,19,5,1,8,and hang your hat on it. ,0,,,miscounted in orig data excluded here
494,19,5,1,9,It's the honest truth. ,0,,,
495,19,5,1,10,My neighbor Dave ,0,,,
496,19,5,1,11,"works a fishing boat, ",1,7,who owns a fishing boat,
497,19,5,1,12,but he can't do any work when a Maine fog comes rolling into the bay. ,0,,,
498,19,5,1,13,He always saves up his chores for a foggy day. ,1,8,and he saves all his chores for those foggy days,
499,19,5,1,14,"One day, the fog came rolling in overnight,",1,9,"Well, one day it was so foggy ",
500,19,5,1,15,and Dave knew there was no way he could go fishing that day. ,1,10,that he couldn’t go fishing ,
501,19,5,1,16,"He instead decided that his roof needs shingling, ",1,11,so he decided to shingle his house,
502,19,5,1,17,so he got started at the shingling right after breakfast,0,,,
503,19,5,1,18,and didn't come down until dinner. ,0,,,
504,19,5,1,19,"""Sarah, we sure do have a mighty long house,"" he told his wife ",0,,,
505,19,5,1,20,over supper. ,1,12,in for dinner,
506,19,5,1,21,"""It took me all day to shingle."" ",1,13,It took me all day to shingle!” ,
507,19,5,1,22,"Well, Sarah knew right enough that they lived in a small house, ",1,14,"She thought about it, and knew that their house was actually rather small",
508,19,5,1,23,so she went outside to take a look. ,1,15,She went out to look at what he had done,
509,19,5,1,24,"To her surprise, ",0,,,
510,19,5,1,25,she discovered that Dave had shingled right past the edge of the roof ,1,16,and he kept on shingling right past the house! ,
511,19,5,1,26,and out onto the fog!,0,,,miscounted in orig data excluded here
512,19,5,2,1,"You can say all you want about the thick fogs in England, ",1,1,You can say all you want about the thick fogs of England,
513,19,5,2,2,"but I'm telling you now, ",1,2,but I’m telling you ,
514,19,5,2,3,"sure as I'm standing here, ",1,3,"as sure as I’m standing here, ",
515,19,5,2,4,that England's fogs don't hold a candle to the thick fogs that roll in ,1,4,they don’t hold a candle up to the type of fog that comes in ,
516,19,5,2,5,over the Bay of Fundy ,1,5,over the Bay of Fundy ,
517,19,5,2,6,here in Maine.,1,6,here in Maine. ,
518,19,5,2,7,The fog here gets so thick you can drive a nail into it ,1,7,The fog here gets so thick that you could drive a nail into it ,
519,19,5,2,8,and hang your hat on it. ,1,8,and hang your hat up,
520,19,5,2,9,It's the honest truth. ,1,9,That’s the honest truth. ,
521,19,5,2,10,My neighbor Dave ,1,10,My neighbor Dave ,
522,19,5,2,11,"works a fishing boat, ",1,11,owns a fishing boat,
523,19,5,2,12,but he can't do any work when a Maine fog comes rolling into the bay. ,1,12,"and he knows that when a thick fog comes in, he has no chance to get out",
524,19,5,2,13,He always saves up his chores for a foggy day. ,0,,,
525,19,5,2,14,"One day, the fog came rolling in overnight,",1,13,"Well, one time, the thick fog rolled in overnight  and it was already set when he woke up",
526,19,5,2,15,and Dave knew there was no way he could go fishing that day. ,0,,,
527,19,5,2,16,"He instead decided that his roof needs shingling, ",1,14,He thought it’d be a good day to shingle the house. ,
528,19,5,2,17,so he got started at the shingling right after breakfast,1,15,He got started right after breakfast,
529,19,5,2,18,and didn't come down until dinner. ,1,16,and didn’t come in until dinner.,
530,19,5,2,19,"""Sarah, we sure do have a mighty long house,"" he told his wife ",1,17,"“Sarah, I tell you, we have such a long house,” he told his wife. ",
531,19,5,2,20,over supper. ,0,,,
532,19,5,2,21,"""It took me all day to shingle."" ",1,18,“I’ve been out there all day putting shingles on that roof.” ,
533,19,5,2,22,"Well, Sarah knew right enough that they lived in a small house, ",1,19,"Sarah knew that they didn’t have all that long of a house, ",
534,19,5,2,23,so she went outside to take a look. ,1,20,so she went out to go check out what Dave had done,
535,19,5,2,24,"To her surprise, ",0,,,
536,19,5,2,25,she discovered that Dave had shingled right past the edge of the roof ,1,21,She walked along the house and noticed that he had shingled right off the edge of the roof,
537,19,5,2,26,and out onto the fog!,1,22,and onto the fog! ,
538,19,5,3,1,"You can say all you want about the thick fogs in England, ",1,1,"People say that the fog in London is bad, ",
539,19,5,3,2,"but I'm telling you now, ",0,,,
540,19,5,3,3,"sure as I'm standing here, ",0,,,
541,19,5,3,4,that England's fogs don't hold a candle to the thick fogs that roll in ,1,2;4,but I think that this small little town;gets even more fog,
542,19,5,3,5,over the Bay of Fundy ,0,,,
543,19,5,3,6,here in Maine.,1,3,in Maine ,
544,19,5,3,7,The fog here gets so thick you can drive a nail into it ,1,5,The fog can get so thick that you could nail into it ,
545,19,5,3,8,and hang your hat on it. ,1,6,and hang a hat. ,
546,19,5,3,9,It's the honest truth. ,0,,,
547,19,5,3,10,My neighbor Dave ,0,,,
548,19,5,3,11,"works a fishing boat, ",1,8,who normally goes out to fish,
549,19,5,3,12,but he can't do any work when a Maine fog comes rolling into the bay. ,0,,,
550,19,5,3,13,He always saves up his chores for a foggy day. ,0,,,
551,19,5,3,14,"One day, the fog came rolling in overnight,",1,7;10,One day;the fog was so thick,
552,19,5,3,15,and Dave knew there was no way he could go fishing that day. ,1,9,couldn’t go fishing because,
553,19,5,3,16,"He instead decided that his roof needs shingling, ",1,11,He decided to put shingles on the roof,
554,19,5,3,17,so he got started at the shingling right after breakfast,1,12,He started out right after breakfast,
555,19,5,3,18,and didn't come down until dinner. ,1,13,and didn’t come back in until just before dinner. ,
556,19,5,3,19,"""Sarah, we sure do have a mighty long house,"" he told his wife ",0,,,
557,19,5,3,20,over supper. ,0,,,
558,19,5,3,21,"""It took me all day to shingle."" ",0,,,
559,19,5,3,22,"Well, Sarah knew right enough that they lived in a small house, ",1,14,His wife looked at him strangely and thought that their house really wasn’t all that big. ,
560,19,5,3,23,so she went outside to take a look. ,1,15,"After dinner, the wife went out to look at her husband’s handiwork",
561,19,5,3,24,"To her surprise, ",0,,,
562,19,5,3,25,she discovered that Dave had shingled right past the edge of the roof ,1,16,You shingled right past the edge of the house ,
563,19,5,3,26,and out onto the fog!,1,17,and out onto the fog!” ,
564,19,6,1,1,"It was a hot, sunny day ",1,1,It was a hot summer day ,
565,19,6,1,2,and Kaylie and Rachel ,1,2,when Kaylie and Rachel ,
566,19,6,1,3,decided to take advantage of their off day ,1,3, decided to take advantage of their day off ,
567,19,6,1,4,and take a trip to the beach. ,1,4,to go to the beach. ,
568,19,6,1,5,"The sun was an optimistic yellow pellet, ",0,,,
569,19,6,1,6,blistering in the sky as they were on their way ,1,5, The sun was blaring down onto the sand as they arrived,
570,19,6,1,7,to Old Orchard Beach ,0,,,
571,19,6,1,8,in Maine. ,0,,,
572,19,6,1,9,"Once arriving and walking from the parking lot, ",0,,,
573,19,6,1,10,they spotted the crystal clear water ,0,,,
574,19,6,1,11,that faded into a deep blue on the horizon.,0,,,
575,19,6,1,12,The beach was swarming with people. ,0,,,
576,19,6,1,13,"Some on yellow, orange, white, and pink towels, ",0,,,
577,19,6,1,14,while others were seen stretched out on lounge chairs ,0,,,
578,19,6,1,15,with broad-brimmed hats ,0,,,
579,19,6,1,16,shading their eyes from the rays of the sun. ,0,,,
580,19,6,1,17,"Children were decorating sandcastles with smooth, round seashells, ",0,,,
581,19,6,1,18,and Kaylie decided to stretch out on her towel ,1,6,Kaylie decided to lie on the beach towel and relax for a little bit ,
582,19,6,1,19,in the sand for a quick nap ,0,,,
583,19,6,1,20,while Rachel went to cool off in the ocean. ,1,7,while Rachel decided to cool off in the ocean. ,
584,19,6,1,21,"The sun shined on the water, ",1,8,Rachel looked at the shining ocean waves. ,
585,19,6,1,22,causing it to look like a million little crystals. ,0,,,
586,19,6,1,23,"Just before making it to the surf, ",1,9,Just before she reached the surf,
587,19,6,1,24,Rachel saw a little girl with freckles ,1,10,a young girl with freckles ,
588,19,6,1,25,in a light purple bathing suit ,1,11,in a purple bathing suit ,
589,19,6,1,26,and little yellow floaties on her arms. ,0,,,
590,19,6,1,27,"The girl darted in front of Rachel, ",1,12,ran in front of her,
591,19,6,1,28,closely followed by a boy ,0,,,
592,19,6,1,29,in green swimming shorts. ,0,,,
593,19,6,1,30,Rachel smiled as she reminisced on memories of beach days ,1,13;16,She thought back on her own childhood;and continued to think about her life as a young child,
594,19,6,1,31,with her brothers. ,1,14,playing with her brothers,
595,19,6,1,32,"After spending some time in the water, ",0,,,
596,19,6,1,33,she looked up and,0,,,
597,19,6,1,34,saw four teenagers ,0,,,
598,19,6,1,35,flying colorful paragliders. ,1,15,paragliding,
599,19,6,1,36,"She thought to herself that the day was truly perfect, ",0,,,
600,19,6,1,37,and all anxieties from her daily life were absent for a while. ,0,,,
601,19,6,1,38,She closed her eyes for a few seconds to savor the moment ,0,,,
602,19,6,1,39,before going to lie down next to Kaylie ,0,,,
603,19,6,1,40,in the warm sand.,0,,,
604,19,6,2,1,"It was a hot, sunny day ",1,1,"It was a hot, sunny day ",
605,19,6,2,2,and Kaylie and Rachel ,1,2,when Kaylie and Rachel ,
606,19,6,2,3,decided to take advantage of their off day ,1,3,decided to take advantage of their day off ,
607,19,6,2,4,and take a trip to the beach. ,1,4,and go to the beach,
608,19,6,2,5,"The sun was an optimistic yellow pellet, ",1,5,The yellow pellet of sun was shining so optimistically on the beach ,
609,19,6,2,6,blistering in the sky as they were on their way ,0,,,
610,19,6,2,7,to Old Orchard Beach ,0,,,
611,19,6,2,8,in Maine. ,0,,,
612,19,6,2,9,"Once arriving and walking from the parking lot, ",1,6,as the two arrived. They walked in from the parking lot with their beach towels in hand,
613,19,6,2,10,they spotted the crystal clear water ,0,,,
614,19,6,2,11,that faded into a deep blue on the horizon.,0,,,
615,19,6,2,12,The beach was swarming with people. ,1,7,The beach was swarming with people ,
616,19,6,2,13,"Some on yellow, orange, white, and pink towels, ",0,,,
617,19,6,2,14,while others were seen stretched out on lounge chairs ,0,,,
618,19,6,2,15,with broad-brimmed hats ,0,,,miscounted in orig data excluded here
619,19,6,2,16,shading their eyes from the rays of the sun. ,0,,,
620,19,6,2,17,"Children were decorating sandcastles with smooth, round seashells, ",1,8,The children used seashells to decorate their sand castles ,
621,19,6,2,18,and Kaylie decided to stretch out on her towel ,1,9,Kaylie decided to lay out her towel ,
622,19,6,2,19,in the sand for a quick nap ,1,10,and lay down to take a nap ,
623,19,6,2,20,while Rachel went to cool off in the ocean. ,1,11,while Rachel went to cool off in the ocean. ,
624,19,6,2,21,"The sun shined on the water, ",0,,,
625,19,6,2,22,causing it to look like a million little crystals. ,0,,,
626,19,6,2,23,"Just before making it to the surf, ",1,12,She started walking towards the shore ,
627,19,6,2,24,Rachel saw a little girl with freckles ,0,,,
628,19,6,2,25,in a light purple bathing suit ,1,13,in a light purple bathing suit ,
629,19,6,2,26,and little yellow floaties on her arms. ,1,14,with bright yellow floaties on her arms,
630,19,6,2,27,"The girl darted in front of Rachel, ",1,15,The girl darted in front of her ,
631,19,6,2,28,closely followed by a boy ,1,16;18,as a young boy;chased after her,
632,19,6,2,29,in green swimming shorts. ,1,17,in green swim trunks ,
633,19,6,2,30,Rachel smiled as she reminisced on memories of beach days ,1,19,"Rachel smiled and reminisced about her own childhood, ",
634,19,6,2,31,with her brothers. ,1,20,playing with her brothers,
635,19,6,2,32,"After spending some time in the water, ",0,,,
636,19,6,2,33,she looked up and,1,21,She then looked to see ,
637,19,6,2,34,saw four teenagers ,1,22, four teenage boys ,
638,19,6,2,35,flying colorful paragliders. ,1,23,using colorful paragliders. ,
639,19,6,2,36,"She thought to herself that the day was truly perfect, ",0,,,
640,19,6,2,37,and all anxieties from her daily life were absent for a while. ,0,,,
641,19,6,2,38,She closed her eyes for a few seconds to savor the moment ,0,,,
642,19,6,2,39,before going to lie down next to Kaylie ,0,,,
643,19,6,2,40,in the warm sand.,0,,,
644,19,6,3,1,"It was a hot, sunny day ",1,1,It was a hot summer day ,
645,19,6,3,2,and Kaylie and Rachel ,0,,,
646,19,6,3,3,decided to take advantage of their off day ,0,,,
647,19,6,3,4,and take a trip to the beach. ,1,2,to spend time at the beach,
648,19,6,3,5,"The sun was an optimistic yellow pellet, ",0,,,
649,19,6,3,6,blistering in the sky as they were on their way ,0,,,
650,19,6,3,7,to Old Orchard Beach ,0,,,
651,19,6,3,8,in Maine. ,0,,,
652,19,6,3,9,"Once arriving and walking from the parking lot, ",0,,,
653,19,6,3,10,they spotted the crystal clear water ,0,,,
654,19,6,3,11,that faded into a deep blue on the horizon.,0,,,
655,19,6,3,12,The beach was swarming with people. ,1,3,They walked past the many people crowding the beach ,
656,19,6,3,13,"Some on yellow, orange, white, and pink towels, ",0,,,
657,19,6,3,14,while others were seen stretched out on lounge chairs ,0,,,
658,19,6,3,15,with broad-brimmed hats ,0,,,
659,19,6,3,16,shading their eyes from the rays of the sun. ,0,,,
660,19,6,3,17,"Children were decorating sandcastles with smooth, round seashells, ",0,,,
661,19,6,3,18,and Kaylie decided to stretch out on her towel ,0,,,
662,19,6,3,19,in the sand for a quick nap ,0,,,
663,19,6,3,20,while Rachel went to cool off in the ocean. ,0,,,
664,19,6,3,21,"The sun shined on the water, ",0,,,
665,19,6,3,22,causing it to look like a million little crystals. ,0,,,
666,19,6,3,23,"Just before making it to the surf, ",1,4,She started walking closer to the beach. As she was walking,
667,19,6,3,24,Rachel saw a little girl with freckles ,0,,,
668,19,6,3,25,in a light purple bathing suit ,1,5,in a purple bathing suit ,
669,19,6,3,26,and little yellow floaties on her arms. ,0,,,
670,19,6,3,27,"The girl darted in front of Rachel, ",1,6,ran past her ,
671,19,6,3,28,closely followed by a boy ,1,7,followed by two young boys,
672,19,6,3,29,in green swimming shorts. ,0,,,
673,19,6,3,30,Rachel smiled as she reminisced on memories of beach days ,1,8;10;12,She thought back to her own childhood and playing;at the beach;She had spent much of her own youth at the beach and enjoyed her time,
674,19,6,3,31,with her brothers. ,1,9,with her two brothers ,
675,19,6,3,32,"After spending some time in the water, ",0,,,
676,19,6,3,33,she looked up and,0,,,
677,19,6,3,34,saw four teenagers ,0,,,
678,19,6,3,35,flying colorful paragliders. ,1,11,paragliding,
679,19,6,3,36,"She thought to herself that the day was truly perfect, ",0,,,
680,19,6,3,37,and all anxieties from her daily life were absent for a while. ,0,,,
681,19,6,3,38,She closed her eyes for a few seconds to savor the moment ,0,,,
682,19,6,3,39,before going to lie down next to Kaylie ,0,,,
683,19,6,3,40,in the warm sand.,0,,,
